[{"model": "main.type", "pk": 1, "fields": {"name": "정보재미형", "count": 2, "data": {"title": "인터넷에서 정보를 재미삼아 얻는 당신은", "features": ["능동적으로 계획을 가지지 않고 정보를 얻으면서 시간을 보내는 것이 더 유쾌한 유형이에요.", "TV시청보다 인터넷을 통해 정보를 얻는 것을 더 흥미로워 해요."], "descriptions": ["무신사 https://www.musinsa.com", "29CM https://www.29cm.co.kr/home", "네이버캐스트 https://terms.naver.com/list.naver?cid=58737&categoryId=58737"]}}}, {"model": "main.type", "pk": 2, "fields": {"name": "쇼핑만족형", "count": 2, "data": {"title": "쇼핑하는 데 오는 만족감이 남다른 당신은", "features": ["오프라인 매장과 여러 가지 가격을 비교하는 것을 좋아해요.", "쇼핑을 하는 것 자체에 만족감을 얻는 유형이에요"], "descriptions": ["쇼핑몰순위 스타일닷컴 https://www.sta1.com/shops?gndr=F&shopType=S", "랭키닷컴 https://www.rankey.com/index.php"]}}}, {"model": "main.type", "pk": 3, "fields": {"name": "사교지향형", "count": 5, "data": {"title": "인터넷 세상 속 인싸인 당신은", "features": ["친구, 지인들과 인터넷에서 본 콘텐츠와 관련된 이야기를 많이 하는 편이에요.", "SNS, 채팅을 통해 사교적인 친구들을 많이 사귀는 유형이에요"], "descriptions": ["본디 https://bondee.com/kr/main", "스레드 https://www.threads.net"]}}}, {"model": "main.type", "pk": 4, "fields": {"name": "실속추구형", "count": 3, "data": {"title": "출세에 대해 많이 생각하는 당신은", "features": ["돈에 대한 강한 집착을 가지고 있는 편이에요.", "오프라인 매장과 인터넷 쇼핑 시 최저가와 이득을 계산하며 쇼핑하는 유형이에요."], "descriptions": ["쿠팡 https://www.coupang.com", "네이버스토어팜 https://search.shopping.naver.com"]}}}, {"model": "main.type", "pk": 5, "fields": {"name": "현실회피형", "count": 2, "data": {"title": "벗어나고 싶은 감정을 많이 느끼는 당신은", "features": ["특별한 구매 및 계획은 없지만 SNS 등을 반복적으로 사용하는 편이에요.", "인터넷 쇼핑을 위해 서핑하며 현실을 잊는 듯한 감정을 느끼곤 해요."], "descriptions": ["틱톡 https://www.tiktok.com", "인스타그램 https://www.instagram.com/"]}}}, {"model": "main.question", "pk": 1, "fields": {"number": 1, "content": "당신에게 있어서 물질적인 소유는 어떤 의미인가요?"}}, {"model": "main.question", "pk": 2, "fields": {"number": 2, "content": "SNS을 할 때 어떤 피드가 자주 뜨시는 편이신가요?"}}, {"model": "main.question", "pk": 3, "fields": {"number": 3, "content": "당신은 물건을 쇼핑하려고 인터넷을 검색하고 있습니다. 이때, 물건에 대한 정보를 어디에서 검색하시는 편이신가요?"}}, {"model": "main.question", "pk": 4, "fields": {"number": 4, "content": "인터넷 쇼핑 중에 새로운 트렌드의 제품을 발견했어요. 그때, 당신이 든 생각은 무엇인가요?"}}, {"model": "main.question", "pk": 5, "fields": {"number": 5, "content": "당신은 물건을 사기 위해 오프라인 매장에 방문했어요. 그때, 당신이 든 생각은 무엇인가요?"}}, {"model": "main.question", "pk": 6, "fields": {"number": 6, "content": "인터넷 쇼핑을 하는 동안 당신은 무슨 생각을 하셨나요?"}}, {"model": "main.choice", "pk": 1, "fields": {"content": "걱정하지 않고 주위의 눈을 의식하지 않고 내 방식대로 사는 시간을 의미한다.", "question": 1, "type": 1}}, {"model": "main.choice", "pk": 2, "fields": {"content": "쇼핑, 여행, 취미 등을 할 수 있는 나만의 시간을 의미한다.", "question": 1, "type": 2}}, {"model": "main.choice", "pk": 3, "fields": {"content": "사랑하는 사람들과 보낼 수 있는 시간을 의미한다.", "question": 1, "type": 3}}, {"model": "main.choice", "pk": 4, "fields": {"content": "돈에 대한 집착을 의미한다.", "question": 1, "type": 4}}, {"model": "main.choice", "pk": 5, "fields": {"content": "다른 사람과 다른 개성 있는 삶을 의미한다.", "question": 1, "type": 5}}, {"model": "main.choice", "pk": 6, "fields": {"content": "쇼핑꿀팁, 꿀팁의 정보 피드", "question": 2, "type": 1}}, {"model": "main.choice", "pk": 7, "fields": {"content": "유행, 트렌드의 유행 피드", "question": 2, "type": 2}}, {"model": "main.choice", "pk": 8, "fields": {"content": "친구, 지인의 소식 피드", "question": 2, "type": 3}}, {"model": "main.choice", "pk": 9, "fields": {"content": "뉴스, 재테크, 자기계발의 피드", "question": 2, "type": 4}}, {"model": "main.choice", "pk": 10, "fields": {"content": "유튜버, 인플루언서의 피드", "question": 2, "type": 5}}, {"model": "main.choice", "pk": 11, "fields": {"content": "SNS, 관련 어플, 리뷰사이트 등에서 검색한다.", "question": 3, "type": 1}}, {"model": "main.choice", "pk": 12, "fields": {"content": "내가 사고 싶은 물건을 위해서라면 일단 여기저기 최대한 검색을 많이 한다.", "question": 3, "type": 2}}, {"model": "main.choice", "pk": 13, "fields": {"content": "커뮤니티나 포럼, 친구 등에게 검색 및 물어보는 편이다.", "question": 3, "type": 3}}, {"model": "main.choice", "pk": 14, "fields": {"content": "검색을 많이 하지만 내가 사고 싶은 물건에 대한 자세한 내용이 없어서 불만이다.", "question": 3, "type": 4}}, {"model": "main.choice", "pk": 15, "fields": {"content": "특별히 물건을 사고 싶다는 생각은 들진 않지만 물건을 구경하려 검색을 자주 한다.", "question": 3, "type": 5}}, {"model": "main.choice", "pk": 16, "fields": {"content": "새로운 트렌드의 제품의 상세정보와 리뷰를 확인해야겠다.", "question": 4, "type": 1}}, {"model": "main.choice", "pk": 17, "fields": {"content": "오프라인 매장이 따로 없는 걸까? 직접 보고 확인해보고싶다.", "question": 4, "type": 2}}, {"model": "main.choice", "pk": 18, "fields": {"content": "이 제품에 대해서 어떻게 생각하는지 친구에게 물어봐야겠다.", "question": 4, "type": 3}}, {"model": "main.choice", "pk": 19, "fields": {"content": "할인행사나 특가로 저렴하게 파는 곳이 따로 없을까? 확인해야겠다.", "question": 4, "type": 4}}, {"model": "main.choice", "pk": 20, "fields": {"content": "새로운 트렌드인지 아닌지도 모르는 데 제품을 구매하는 건 무리인 것 같다.", "question": 4, "type": 5}}, {"model": "main.choice", "pk": 21, "fields": {"content": "오프라인 매장에서 확인해보고 인터넷으로도 다시 찾아봐야겠다.", "question": 5, "type": 1}}, {"model": "main.choice", "pk": 22, "fields": {"content": "확실히 직접 만져보고 구매하려니까 훨씬 더 편한 것 같다.", "question": 5, "type": 2}}, {"model": "main.choice", "pk": 23, "fields": {"content": "친구들과 함께 방문하니 확실히 유쾌하고 즐겁다.", "question": 5, "type": 3}}, {"model": "main.choice", "pk": 24, "fields": {"content": "오프라인 매장 가격과 인터넷으로 최저가를 비교하여 찾아봐야겠다.", "question": 5, "type": 4}}, {"model": "main.choice", "pk": 25, "fields": {"content": "오프라인 매장보다 인터넷으로 구매하는 게 더 편한 것 같다.", "question": 5, "type": 5}}, {"model": "main.choice", "pk": 26, "fields": {"content": "인터넷을 통해서 많은 정보를 얻을 수 있어서 즐겁다.", "question": 6, "type": 1}}, {"model": "main.choice", "pk": 27, "fields": {"content": "인터넷을 통해서 가격, 품질, 디자인 등을 미리 확인할 수 있어서 좋다.", "question": 6, "type": 2}}, {"model": "main.choice", "pk": 28, "fields": {"content": "인터넷 쇼핑을 통해 다른 사람들과 많이 교류할 수 있어서 좋다.", "question": 6, "type": 3}}, {"model": "main.choice", "pk": 29, "fields": {"content": "인터넷을 통해서 쇼핑하는 게 더 저렴해서 좋다.", "question": 6, "type": 4}}, {"model": "main.choice", "pk": 30, "fields": {"content": "인터넷을 하는 동안 나의 걱정을 잊을 수 있어서 좋다.", "question": 6, "type": 5}}]